image	wppd_id
directory/3hk4R62fAf9BNdcWFvXnQG-cunninghamcurtis.jpg	886
directory/VuWAQLs8Qez8WHFADvBgzh-sltlkher.jpg	1612
directory/bkDxoE2TXfNnXf6bcTxjm8-WESmith.jpg	529
directory/2vP9NMeMK2G2CiWRA8qjQR-johnson.jpg	1113
directory/fZo777heMVVScRrRLaMi9Y-galli.jpg	2291
directory/SyeHfLtyKxDLrnTkshW4EX-Penn.jpg	570
directory/MFUStGhMKhUDbrWRHLyetc-MarshallPrinting.jpg	594
directory/NQTL3njQByxMg8dN7TbqgV-herzog.jpg	973
directory/Wm8ZPXTaiW7UDdsvgE4eNQ-Amherst.jpg	697
directory/UMKzHNhC4Hib4reow4y9DW-StarrBookworks.jpg	552
directory/Gx7znpX6SEJGKVPRn9T44K-JeffreyNorton.jpg	625
directory/kGdZ4t3QjpbPnXvVbYjeaa-johnsonwatson.jpg	1374
directory/MSNjPvVKaiRjNtLY9UGboG-LockmznHznley.jpg	600
directory/kgB825taaha65QpnjMXPqc-TSymons.jpg	540
directory/9AwyDsZihzcooh2tSgXM9b-Marazuella.jpg	595
directory/b8mnHjduJxKYuNrcMEbsSB-WardBros.jpg	533
directory/xoagDxfiv6RZShwu3BAkdj-clarkewb.jpg	993
directory/bU9RFyEVUBRHsJsyxMpRnQ-sunset.jpg	1108
directory/xJtm958ndjyxqBBwh9SSkG-stocton2.jpg	968
directory/xJtm958ndjyxqBBwh9SSkG-stocton1.jpg	968
directory/VVVbNGq8hNGk75AykRVeuX-clark_phila_lea_1838_peterpilgrim.jpg	1657
directory/228qQp6cmPZUwNTidWwJ2h-EWalker.jpg	660
directory/228qQp6cmPZUwNTidWwJ2h-walker_e_4.jpg	660
directory/228qQp6cmPZUwNTidWwJ2h-walker_e_3.jpg	660
directory/228qQp6cmPZUwNTidWwJ2h-walker_e_2.jpg	660
directory/228qQp6cmPZUwNTidWwJ2h-walker_e_1.jpg	660
directory/hN6afLAzfwdRggzctoskr4-MaartinMerz.jpg	598
directory/K74dLCCWjbLBK8ppXeQ9jW-ihling_c1869.jpg	1641
directory/JTXMMZ37rgUiR7axvWNabB-DavisBros.jpg	666
directory/cHFBKeXrghWrweY7xWgtbZ-JStockley.jpg	616
directory/c87KFC5BstJtVbuEd8pzBa-mcintyrejohn.jpg	850
directory/F56whinVZDcb3gUykqWJ8Q-Luse_A_P_.jpg	3004
directory/FmYwH45mZ7BURp52t6BztJ-Hospital-fotr.jpg	638
directory/PJL393nUHm3Wn6x8f3nyXZ-OrgerMeryon.jpg	578
directory/ykbn8F3oKyS7gso9W78aLc-winn_detr_1893001.jpg	1664
directory/5Yz8pyrFSbRbGPs6ZJZJJP-cityBindery.jpg	674
directory/2oxXDCLUJDHPr4ZjXHsEuk-haverhill_19thc.jpg	1639
directory/2oxXDCLUJDHPr4ZjXHsEuk-Haverhill.jpg	1639
directory/PkP5HGuK3NHm7K7nmuoV6U-BrownBr.jpg	683
directory/7AYn6JfoMHWcBmS2qf5NT6-KalamazooPub.jpg	611
directory/E7NP47dwheQMekhRmqA3v2-barlow_grandrapids_b.jpg	1654
directory/E7NP47dwheQMekhRmqA3v2-barlow2_grandrapids.jpg	1654
directory/E7NP47dwheQMekhRmqA3v2-barlowbros_rolls_ticket.jpg	1654
directory/E7NP47dwheQMekhRmqA3v2-barlowbr.jpg	1654
directory/eF6vW9Fb7MhVNaKZXyLXKF-morse.jpg	922
directory/XXXj6G6PGjcR36ydeLNzZG-bookbinder_idea_9_16_15.png	2456
directory/QYTEV672rsjjN8uQr7ouX4-anthoneyf.jpg	861
directory/MwLDYbNky7A5ARmoXuEf5J-gilbert.jpg	1662
directory/5MHu7Gfo7YzXYjedqP38fF-OADorman.jpg	581
directory/JbJkqdae3pL9HvUctbt3Sm-Paragon.jpg	573
directory/kYeE5Sw6ycxz8ReQwTMcZD-hutterfl.jpg	983
directory/8MPUHwiWMDCMKt8hXaDnzH-talcott-wmh.jpg	526
directory/8MPUHwiWMDCMKt8hXaDnzH-WHTalcott.jpg	526
directory/7EtTYC2cNp3LmCV3MNTonX-JohnGray2.jpg	621
directory/7EtTYC2cNp3LmCV3MNTonX-JohnGray.jpg	621
directory/swenNjVTuoPwBQNngjuBQn-KnigtMardon.jpg	609
directory/wn7HZZ8GPLhdiL7FESkUYe-caselockwood.jpg	548
directory/wn7HZZ8GPLhdiL7FESkUYe-TheCaseLockwood.jpg	548
directory/P7kwyqynhas6AWWbeb52QK-H_G_Terry_copy.jpg	2283
directory/P7kwyqynhas6AWWbeb52QK-H_G_Terry_copy_3_KBZSTqh.jpg	2283
directory/P7kwyqynhas6AWWbeb52QK-H_G_Terry_copy_3_ePkDYcT.jpg	2283
directory/P7kwyqynhas6AWWbeb52QK-H_G_Terry_copy_3.jpg	2283
directory/P7kwyqynhas6AWWbeb52QK-H_G_Terry_copy_3_7AroVKm.jpg	2283
directory/obzWRCVJrKAgDGbM5YQyCW-NathanECohen.jpg	586
directory/Xyt3N5ZfaDDkCgnvG5Ewca-payotupham.jpg	883
directory/UWEhDLEx9j5oLKVe4rYsVW-canand.jpg	2018
directory/G9Vtrv3fJz8oCVzJ7AjPyP-Westleys.jpg	528
directory/G9Vtrv3fJz8oCVzJ7AjPyP-Westleys3.jpg	528
directory/G9Vtrv3fJz8oCVzJ7AjPyP-Westleys2.jpg	528
directory/G9Vtrv3fJz8oCVzJ7AjPyP-WestleysCo.jpg	528
directory/BZxTVYZPUKJUCyi6mF58XX-christensen.jpg	1700
directory/cgihM7qaR4MapXvS98VvHG-youngbr.jpg	1571
directory/vaBcjPEmAd5CXACWLUo4Pn-shults_manistee.jpg	1649
directory/umRhozQNbTZvpVnKASEVD3-Rodwell.jpg	561
directory/xCUSM7FwvyeM9ZRYKXWeX5-hawley2.jpg	584
directory/xCUSM7FwvyeM9ZRYKXWeX5-NGHawley2.jpg	584
directory/xCUSM7FwvyeM9ZRYKXWeX5-NGHawley.jpg	584
directory/i5UhbBeszV9Msk7HJWbFAf-TheOldBindery.jpg	546
directory/ejMgUTrckf9zqiZdCAbd9Y-GCawthorn.jpg	654
directory/36vSTXrjQZt89k6pPsvmuU-Bosqui.jpg	686
directory/ydZWFdDFmJgHKcM87XS4Wk-whittemoreco.jpg	2923
directory/zWRmTDrCMMhNqVuhkjG8i9-mcwhoode.jpg	1555
directory/zWRmTDrCMMhNqVuhkjG8i9-mcwoods.jpg	1555
directory/TrpLB7suC6gZiFBvMr7UqN-JTBurson.jpg	615
directory/otdvVxAAZv4b6Gi3Vh5EJ6-WSBarber.jpg	712
directory/cjVXJnP4RP6K9wG2yt49ij-Dewing.jpg	664
directory/s9Bj7Da82ZjpfQY9xaA7u2-Bachelier.jpg	691
directory/s9Bj7Da82ZjpfQY9xaA7u2-BachellerDumas.jpg	691
directory/zCpUUbXvMUrkdUsLuBBNV8-Nicholsons.jpg	582
directory/hCvwCoX8zf9xgLBe6XJuZP-heckm.jpg	989
directory/L5bfkVPYuJtd96WfcevUPU-lecount_100.jpg	817
directory/QWjK7r4zwgoppQdJj8dZoV-WAKJohnston.jpg	535
directory/NrW9NFktDDMKqctAVVTK3M-dennyedward_2.jpg	984
directory/NrW9NFktDDMKqctAVVTK3M-edwarddenny.jpg	984
directory/eTg9cDjmoDWe2dFvGtCBVL-HSCrocker.jpg	636
directory/eTg9cDjmoDWe2dFvGtCBVL-crocker_june_1908.jpg	636
directory/eTg9cDjmoDWe2dFvGtCBVL-crockerhs1906.jpg	636
directory/D2qCSvmiaaBZPs7Nxhger4-UHolzer.jpg	541
directory/GepEFAVsWsQfDCRv6AWStg-JamesNoble.jpg	631
directory/cCk8VYz2qih6y9DxnwXije-Bachelier.jpg	693
directory/wAAB753ZLy7T9vBf5CspvY-loring_short.jpg	1763
directory/wAAB753ZLy7T9vBf5CspvY-LoringShortHarmon.jpg	1763
directory/oacGTGtAYkYcQ3HzgPu8Hj-LewisEWhiteman.jpg	603
directory/9Zg7whNZkZWYhW4vYFoiFV-nealwills.jpg	1628
directory/6bnoqGjEroVUgPFuTnEtwB-RandMcNallyCo.jpg	567
directory/6bnoqGjEroVUgPFuTnEtwB-RandMcNally.jpg	567
directory/B4Zp3wiVXQCi2TzXTpKPEB-MillerPurvis.jpg	591
directory/NUiMttrk3ndnFz9YMzkxGF-leiths.jpg	1106
directory/tRNePhDNDGVtEMjVUmiReY-adkins-o_b.jpg	2933
directory/HWbp5ez8HsG8xbThzUPRU8-BMendelsohn.jpg	689
directory/yCvcNByHp2hRAf5U2ZxGXG-koehler1.jpg	978
directory/yCvcNByHp2hRAf5U2ZxGXG-koehler2.jpg	978
directory/nyP6h36VN3jSNDRogNi2h9-roe_william.jpg	2912
directory/JMRd9p5CuQ3XhbigfaB2q6-DavidBugbb.jpg	667
directory/aHoY6T8awJwjkeWGZ2hUBV-bultmsn.jpg	2185
directory/4TLvrVdaGtSkkcMW938LTH-evansjj.jpg	890
directory/xjbLFwfmddPXVH358ienDF-pylecw.jpg	1613
directory/KBCfHZpSJfKjdKuXUhbUfV-GeoVJones.jpg	648
directory/KBCfHZpSJfKjdKuXUhbUfV-GeoVJonesCo.jpg	648
directory/QuESAy98gbQiUfNQprm4Q5-akerman.jpg	1652
directory/QuESAy98gbQiUfNQprm4Q5-akerman2.jpg	1652
directory/ukaCiGN8cZvvXogtrQ9ubP-TheGreylock.jpg	547
directory/bJsiAWS5ZkfKURLa9UkTVP-PacificBookBindery.jpg	576
directory/W7PqXpcmrqu8P4Ur9T2Faa-brownpower.jpg	974
directory/dpqmgCnPXK2NX5EH9xQFJ5-JuranlyHensel.jpg	613
directory/UtL6CvQa5qCJqsN5W8i8FQ-Illinois-.jpg	633
directory/QaoCPHcYsUV6QSdF6F4xLS-JosiahWestley.jpg	618
directory/y424DncgGs5p8MtSnSjdmG-neuner.jpg	967
directory/vwCC5reAeb3cFhvhwnV8qF-ellesstarr.jpg	1377
directory/5pBWL6zsb6tWGSB9BFJ8u8-WoodhousePrham.jpg	709
directory/tDBqAkVrz9pMmHjebyXkY2-JRFosterCo.jpg	617
directory/vgoDsC79WUkgPVkEQmXAnm-VanBenthuysen.jpg	538
directory/vgoDsC79WUkgPVkEQmXAnm-Vanbenthuysen2.jpg	538
directory/73PABzQvbtdtT35vMHg4wE-RRobinson.jpg	560
directory/83Dddy6Dgymkq9HgT5o5kN-john_armstrong_book-binder_3.jpg	2070
directory/HkVBHiT5EC9WgLTXtQcRXM-simpkin.jpg	1614
directory/dG8rauxGZNiZsyNRapmycd-BoundToStayB.jpg	685
directory/dsKEecsSGvsp9vJ4dKTwBM-hogan_j2.jpg	1291
directory/dsKEecsSGvsp9vJ4dKTwBM-hogan_j.jpg	1291
directory/vfsfarFSPN7pzKPhKmLyQh-JEHoag2.jpg	624
directory/vfsfarFSPN7pzKPhKmLyQh-JEHoag.jpg	624
directory/yGqGytCaNyAb7s24myDaz9-DLVanantwere.jpg	663
directory/TrzhdZumL5qPTNq7j4B52V-GlassLong.jpg	646
directory/3444TPHrY2Jgn32h2U4TED-SmithCo.jpg	554
directory/jizo5GSuvtaK5dEryU3oV5-stratfordneal.jpg	1273
directory/jizo5GSuvtaK5dEryU3oV5-neilstratford.jpg	1273
directory/AdHdSXAkPaZWLBZGhXuzK5-Trubner.jpg	542
directory/4UgQnG25S93D2tW3uGZNMg-cadwell.jpg	994
directory/KYuVm28HQb3W58TeisSUwM-friecenwald.jpg	969
directory/UZZfovf6c7JVvo9i4vRtHn-walkerrth.jpg	1089
directory/FXouNqLbM8tEaRpdjtxTW8-deanhickstwo_grandrapids_b.jpg	1658
directory/FXouNqLbM8tEaRpdjtxTW8-deanhicks_grandrapids.jpg	1658
directory/fTxoYZCmZkPXCM8Y4N6NGH-mcadams.jpg	1388
directory/u7x3PyLru4Ffo2QSwdDeM2-Galveston.jpg	656
directory/xFqTkxmtkrU3nvW49e5Xx4-dartfellows.jpg	996
directory/hogcWSRKUUQkrGqewqK4AE-LewisSons.jpg	602
directory/sejB29rUKTuxx5dQvG94zF-martinilli.jpg	927
directory/VBEnZnxZR73ssFH6Bhmsrb-JTHeald.jpg	614
directory/FcVYJGQanLz7y5GacnHFJS-marvel.jpg	1109
directory/xMpsNHU5SNPCZCDr4UnQaZ-butlerbindery.jpg	985
directory/ucqkwPVPAKtqZvfa7F4qNg-thorne.jpg	920
directory/XRn8AswH7mANJDH3tAiL96-JasTruscott.jpg	627
directory/TSTwePkLZ7JwCfkfyBCd26-childsmarch.jpg	1102
directory/NQafNuFi2eCPxovyfzq83k-DartFellows.jpg	668
directory/hNHek48yrGWLjtkpiJ5pAn-ShafersNBH.jpg	556
directory/di4ZsyXnCyUkhtRkF6SHGB-j_l_shoemaker.jpg	971
directory/qmm2SBxHJiB79chgkmFjPM-Hoagsons2.jpg	639
directory/Wxuhao35BE4uqBeWKwhuaV-Rufus.jpg	559
directory/zqCM5UvUCJEwv6nfrPTNqY-McGuire_J_C_1.jpg	2267
directory/dbu267E6NcG7WMkwCpZK2P-fitzwhylsonnpotter.jpg	921
directory/QparKXAL3XjxP5dsXJZBJ6-burke.jpg	995
directory/sSxnUXQm2DVhwfPioKjCAc-FCSchottin.jpg	658
directory/qG6kcUdSwyoiQPb85fWmoZ-collins.jpg	1781
directory/CBzp3RKdK7ZsB44AhuMWNm-reesj.jpg	2927
directory/eekB3AgnoF7u6uHufSEx6J-Lancefieldbr.jpg	606
directory/X3ZMcixwZ7N8dureAiD7Z5-cooperative.jpg	990
directory/SUrFa3YKtoFH74yvNXoHwb-JohnWMoylan.jpg	619
directory/ruKNyByJurnwcFyFKqoduW-kluba_bindersticket_paperbirds.jpg	2071
directory/ruKNyByJurnwcFyFKqoduW-kluba_bindersticket_joannekluba.jpg	2071
directory/wZtVxX8xGPqFiKoh98BkfG-francisraymond.jpg	1636
directory/rh65uSnKAsB64Ny9CpJKVY-Coops.jpg	671
directory/7ZEhwRm4VRRho7MtaYv6jQ-thumlerruterford.jpg	919
directory/7ZEhwRm4VRRho7MtaYv6jQ-thumler2.jpg	919
directory/WXzwh24ysDVTnn4xquSxke-thompsonevers.jpg	1988
directory/b3hpXjC3qHSKDUKWs7fuCA-ALBancroft.jpg	698
directory/b3hpXjC3qHSKDUKWs7fuCA-ALBancroft_1.jpg	698
directory/nvedxUVZVtX375LbUtXHDP-benders.jpg	2032
directory/cdBrUmvuyaZwpPTePLXmxA-ACraymer.jpg	701
directory/GcJ6MHVfTkT8aBbC8czwhe-james_wilson.jpg	713
directory/fhD48KWqPtMMoxinDvmwRC-dr_chases.jpg	710
directory/2jJWizLPza76c8Ahcov3fR-herringrob.jpg	998
directory/hoBeMtjrRfgtULSUpm22tj-DennisCo.jpg	665
directory/Tzo32jnygirTUfsiGQGE5J-dickins_binding_boston_1848.jpg	1635
directory/K3a2emoqXvHuSwq9hRgPYB-griffinh.jpg	1699
directory/GzD753oGSh6xfwrU57WY7L-lecount.jpg	769
directory/GzD753oGSh6xfwrU57WY7L-lecount_100.jpg	769
directory/3CvdnSR7ksUZY9yo3eyzBY-mysell-rollins.jpg	588
directory/t7FKfBBEr6aUJj3sRASkXh-corliesmacey.jpg	926
directory/awpRomAiFpKD42NKgTZCr3-_c_scott.jpg	2840
directory/76fxe4dp4Y4ukA79uTrL6A-malloyeco.jpg	981
directory/sX59PyvVjv9tGYckQpuCaL-michaelkeller.jpg	592
directory/CojZHLG8GDcYFWUVB5a5g4-fletcher_forbes_19thc_ondickens.jpg	1661
directory/CGVUTpJmjx7k9WkqGejHsn-peterrangaves.png	1115
directory/CGVUTpJmjx7k9WkqGejHsn-rengaves.jpg	1115
directory/4d6RTbM4XULDzqH9P6rruU-boyce2.jpg	1114
directory/4d6RTbM4XULDzqH9P6rruU-boyce1.jpg	1114
directory/G2khuzsSb6ex34z4NigGX7-CAPierce.jpg	679
directory/BfGj22e6Zdy7qnsGjaNvoZ-_fargotradecard_bookbindery.jpg	1620
directory/gt3QKt4J8giUGHuFbDn8Kn-PioneerPress.jpg	569
directory/jT9NePY4KAsxP2333Fba3G-JamesVirtue.jpg	629
directory/vnQNkuTV6cSSqUh7tehKFZ-Lawrence.jpg	605
directory/zGWYi2oYTJCx2cVeBafdmh-wmhowe.jpg	1779
directory/XtfqAKWXwAqhfWRAnc8Re3-NAmerican.jpg	587
directory/2mkk63oZsbp3oDQpe989oU-Burn.jpg	681
directory/2mkk63oZsbp3oDQpe989oU-Burn5.jpg	681
directory/VVMXV4nAyaMvyKaDCJGD4K-rodenhouse_grandrapids.jpg	1647
directory/Lkpdn3sZkwVaHuv8ZgBCak-GregBros.jpg	644
directory/AggMruJ9UoKLsRr7emoTxS-ogle_glasgow.jpg	1643
directory/rynFD2XMshbF9CAFu5WUbb-Luse_A_P_.jpg	3003
directory/J9tgTXPSaP3bQkHgBFDwFC-GeoRoberts.jpg	651
directory/KtTFigxN6Vqyq2QPBX7VdW-underhill-a-l.jpg	2972
directory/KtTFigxN6Vqyq2QPBX7VdW-underhill_2.jpg	2972
directory/KVWbtEawuNmFgJ8tiJdDN3-WagnerRagan2.jpg	536
directory/KVWbtEawuNmFgJ8tiJdDN3-WagnerRagan.jpg	536
directory/5mofbZ8wAbo4bqgDVqcJwX-WAThroop.jpg	532
directory/oBgu8rGQUTHQtBhNWKN3Pk-WagenvoordCo.jpg	537
directory/oBgu8rGQUTHQtBhNWKN3Pk-Wagenvoord.jpg	537
directory/zVPJJETDHkSz6pbckZKU3F-casel_b.jpg	1466
directory/uoGFEYcWZtUXHNNqpoFCeP-ThilingBros.jpg	544
directory/JB9C73Lc7zTsM8QSrCczAX-f_bookmyer-2.jpg	714
directory/7THhaia333yrUwgpMfkXjg-nijenhuis_hengelo.jpg	1629
directory/ge3f8dMzEdxrozsfzJjCgD-morses_grandrapids.jpg	1627
directory/hmCQ5i3BWJBUVABidzujq2-WilliamAmer.jpg	705
directory/3BqBPLz497EVpV4Y3SCmCH-townandbacon.jpg	819
directory/FDrEGwkD6czykFMcSp6o76-_wiering_2004-8.jpg	1622
directory/YGBYTJYWNHYJPD4RoNBzeg-blackie.jpg	1656
directory/nr6kGDVjqWdJTGGy2UzWsS-phillips_and_smyth_1901.jpg	1023
directory/Lmruq7J6oGDwS7tF2HUebB-AranoffMorris.jpg	696
directory/DucQB9CYD4MAmYpWYHZLzQ-picture_1.png	1086
directory/92KDHrWkbqQN6MtmKXVaVo-parsons_jojn.jpg	1768
directory/LXxxKPrK5pUorwHeN3iZzP-dougcarl.jpg	1519
directory/styqpbfJCrnRZCwCAwrrnT-picture_15.png	732
directory/72Uavko6wDKXvJTJgJaedA-lawrenew.jpg	2926
directory/t9yMyYBrvFLQkLyAfyVcj5-oldestbb.jpg	2292
directory/3bkrjhhoPU4GLX4Ta4vpWh-RLKitchener.jpg	566
directory/w53ZBMaq9DRPXLTFFRFAse-JWRaeder.jpg	612
directory/ZXQwgP29SgS2bsDrPutzMB-PDavis.jpg	572
directory/Wf2EHZE9MZ6fJByP62mYx8-stamford1.jpg	979
directory/Wf2EHZE9MZ6fJByP62mYx8-stamford2.jpg	979
directory/iV9QB7Gs9kbyLRcEn8o5Vf-calna.jpg	987
directory/Hu76NATyFkBG6jPy4PaVDf-adams_onleslie_1847_phila_carey.jpg	1630
directory/poUDeDNoYLALiq4jsEPr67-IFMack.jpg	634
directory/kFbeVeeYfSHvksGuKNknwE-_bookdoctor_grovecityoh.jpg	1621
directory/XfRV53cMi9S2eBuJP6jEXm-presiding_tn.png	181
directory/fmdQi6tcb63jxZDXJtMvJH-TCorbett.jpg	550
directory/ezW94xJym8DSNqduM29mn9-henderson.jpg	1111
directory/szNB287hFWMTtzuGWt2hPG-ConyberCorbett.jpg	672
directory/EJHEzXpkcygyRazDz3Y3LQ-cragg_2_.jpg	2935
directory/EJHEzXpkcygyRazDz3Y3LQ-cragg_3_.png	2935
directory/EJHEzXpkcygyRazDz3Y3LQ-cragg_1_.jpg	2935
directory/d9i6L6g9rNGhZ8eAgEn3RY-Dutchen.jpg	662
directory/9PaQfapzuMwc9U94E376fA-latimerbros.jpg	2917
directory/v7iRqPrhuT92zk3YKUFohM-MainSon.jpg	596
directory/EyafLXpHDUrQCZ2ayLgwBA-MartinJohnston.jpg	593
directory/n3jZGbczscwvmxVqmzkjzB-OxfordUniversity.jpg	577
directory/ZhHbqxVPnhCA9RfipVHWgS-rogers_ny.jpg	1648
directory/fLKBHZgyDF6ZvKzPHQpxf9-jamesrobinsoon.jpg	972
directory/pzYB3CZ66fmgGPzbkr9mdn-frederiksen.jpg	977
directory/6SZ4PpuAis6mB8joAMp6Xg-ticket_chilvers_grandrapids.jpg	1633
directory/6SZ4PpuAis6mB8joAMp6Xg-chilver_spine_ad_1874_grdir.jpg	1633
directory/6SZ4PpuAis6mB8joAMp6Xg-chilverthree_grandrapids_b.jpg	1633
directory/6SZ4PpuAis6mB8joAMp6Xg-chilvertwo_grandrapids_c.jpg	1633
directory/7xM6gaQtnstcNEFJZXNhHT-HowHusk.jpg	637
directory/xASNoHKGTVMKrck7pHkX6S-thomlath.jpg	1770
directory/eMQ3AwvTXerWfxKLfMFBBP-Kroencke.jpg	607
directory/cAWR8kPKKDJ9ifs5XbDNnY-westley_london_1829.jpg	1623
directory/UVxj2MK2oS3pFyEN9CitXJ-bradfordwm.jpg	1693
directory/Rh4S8KCDUPXBcs95jaBgaE-beacham_ny.jpg	1655
directory/Pz4umYGfQ4GoeBKoY3QbUi-svensen6.jpg	1087
directory/Pz4umYGfQ4GoeBKoY3QbUi-svensen4.jpg	1087
directory/Pz4umYGfQ4GoeBKoY3QbUi-sacbind.jpg	1087
directory/3qaBEau6aRnGuLE597qgWY-JATruscott.jpg	626
directory/nfxArixYiXb3TdiPBSWcXB-Leihbibliothek.jpg	604
directory/Pqnw9o43A6UcERP2TGTvWY-briggsgeo.jpg	1389
directory/UfqVQ3z9DAFveTR7mJx96d-parsons-co.jpg	1507
directory/39J23FZsyEVvcJvY6ZqXQd-binding_systems.jpg	991
directory/5CdCoDbweodZ7NF2vPQwnh-AWJordan.jpg	695
directory/or7JMsPnr7W8yBgVBSvY9V-MackOrth.jpg	597
directory/Yx6RdvQ6Ph9JrkTjQAoPSg-galloway2.jpg	1271
directory/2zBiNHvuVnVp6YpjQtXXxL-TheBookbindery.jpg	549
directory/z95uKDr49Vcjc85ZsWU6QA-IsaacUpham.jpg	1026
directory/BorrAGjJYgSLTreouAgSoX-AJCoxCo.jpg	699
directory/tRJZprtQU6M6fxn9q4rdfe-williams.jpg	810
directory/VBLnnoaEtdHnYRjKYHg4c5-RobertsonProvan.jpg	564
directory/AXyBxunZvEzEq4n78hCpxX-ChasChapn.jpg	675
directory/WKvh4Urdbbuzd5kn9chJYj-Goodwyn.jpg	645
directory/oShHoS7JTBv3zfJPP4Sg6P-booth_london.jpg	1631
directory/rJ8YFCkh7goxomHH6AiKLN-watkinsticket.jpg	1624
directory/7JZgsBd9jCMYBptrQTQLK3-Universitats.jpg	539
directory/Mdcu6hUyAFBEhJB6TWnZYN-Bolles.jpg	688
directory/yT4a5aCKku6YEbtWYaXNkn-ABusellBinder.jpg	702
directory/YWCXN2P69kCMoQpL5F7Sp8-WmAshkittle.jpg	708
directory/2kJ6zPEMmva2THq8WhejdP-beerstecher4lr.jpg	690
directory/2kJ6zPEMmva2THq8WhejdP-beerstecher3lr.jpg	690
directory/2kJ6zPEMmva2THq8WhejdP-beerstecher6lr.jpg	690
directory/2kJ6zPEMmva2THq8WhejdP-beerstecher2lr.jpg	690
directory/2kJ6zPEMmva2THq8WhejdP-_beerstecher2lore.jpg	690
directory/2kJ6zPEMmva2THq8WhejdP-Beerstecher.jpg	690
directory/NNesSUguoeZVQEkwGuZcnG-chronicle_muskegon.jpg	1634
directory/yNppgzAqENzqb6LtwPpzUf-Herald.jpg	641
directory/XJqXuXcXGPDwetn3KDBVZG-fleming_minneapolis.jpg	1660
directory/CAxmuBVDY4BZNiP25L7GYP-dodds.jpg	1832
directory/pBDXmjffgqHXnDMdvwC4om-WilliamBriggs.jpg	706
directory/MzAhd75C7No23oW6Ec4L46-JamesNoel.jpg	630
directory/LD9aKNEYzCK5FNgFTbed8T-EALewis.jpg	661
directory/sv5o3QhyR3WLUp4dQENLSB-gaylordtwo_ny_c.jpg	1625
directory/sv5o3QhyR3WLUp4dQENLSB-gaylord_ny.jpg	1625
directory/sv5o3QhyR3WLUp4dQENLSB-gaylordthree_ny_b.jpg	1625
directory/rKDucMK63Vw8XtxthinuAJ-muellerrobert.jpg	1310
directory/hTSKeGkrTi7ujFTVwazmeM-Millers.jpg	590
directory/qnjpMUVsEoQ7XcXgzh7V9F-sacbind.jpg	1088
directory/DZggiFZCN2myNEhfHyAWoY-malloyeco.jpg	909
directory/cUtvhxfC7YvU2tsqSWBK8R-haydenprintingco_1906.jpg	2930
directory/Wxb6R5P2G9UcueNxvU5p3e-Galwey.jpg	655
directory/bkd57KqwFFsRZJKqnyxATD-peterson.jpg	1011
directory/MRnhLZpd2Tg7TEf6a2GfKP-RobertsSon.jpg	565
directory/EBk2wiFyY9huDbhL2vc5UG-DavidBugbb.jpg	1375
directory/o2W5CWFAwdVVgjFSbbLNaF-GeoHiller.jpg	653
directory/gifyVuyM7nGfkYDzZuYYmT-lockman_hanley_indianapolis.jpg	1626
directory/khrt6JeGgzAxFYqzNBvSkU-Krebs.jpg	608
directory/UzbwY8GLN9Z7cKnbq7DH4K-SiebertLilley.jpg	555
directory/UzbwY8GLN9Z7cKnbq7DH4K-Siebertlilley2.jpg	555
directory/RdzMyDnLfx36SUxhDxNaq4-StevensNorton.jpg	551
directory/sFgSAbWrHtT4N9ZW6Tt8BH-NicholasGiles.jpg	583
directory/dHRzAxaiVzwPMa8KNhroZm-BraidHutton.jpg	684
directory/npagkKKi9zkRhJuVb6HQwY-geocrane2.jpg	2934
directory/npagkKKi9zkRhJuVb6HQwY-geocrane.jpg	2934
directory/npagkKKi9zkRhJuVb6HQwY-geocrane3.jpg	2934
directory/csNeSCGMSwPi4pRpbYR5mL-TheSeaveyCo.jpg	545
directory/zyiBvKsDJef87TxzKeM7Hi-wheelock.jpg	2017
directory/2PqthDYrATacQ6njcprhxR-wilstach.jpg	1995
directory/hcWSfW32QEAcEzo4hqFZEJ-tauruscard.jpg	525
directory/hcWSfW32QEAcEzo4hqFZEJ-taurus.jpg	525
directory/WWvsZXM82AxYZTQSbiyyHH-shull.jpg	992
directory/3Sdm2Wzyx9k2qEz2UX9jVG-aughinbaugh.jpg	1616
directory/gvUnrUGMpdjHRypA67YGed-hodge_1876.jpg	1640
directory/gvUnrUGMpdjHRypA67YGed-leighton_1883.jpg	1640
directory/v9P6NEsSiX9HumchGigWKe-caseroller3.jpg	1321
directory/v9P6NEsSiX9HumchGigWKe-_caseroller8.jpg	1321
directory/v9P6NEsSiX9HumchGigWKe-_caseroller6.jpg	1321
directory/v9P6NEsSiX9HumchGigWKe-caseroller1.jpg	1321
directory/v9P6NEsSiX9HumchGigWKe-_caseroller5.jpg	1321
directory/QWXr3YizwPSAz6opu7kL4V-boekhandel042.jpg	1653
directory/yFEKYxRWMgEJESz2KjKd9E-middleton_dawson_quebec.jpg	1642
directory/5S3xzYPSnTUqpvnzfcUs6C-wards.jpg	1105
directory/ofHDZz2qks4r6cne8qioHV-JohnTStrait.jpg	620
directory/UP9gvVqWCNB4rezmeiaWUM-indstsent.jpg	1694
directory/Vmu4LLgMCC5ksdhxqawBmF-johnpartridge.jpg	1013
directory/wSKE484Csij6xyqQVXQbpE-james_b_chandler.jpg	2970
directory/igMtimxsuqiyFSFxqwRqcn-Casautit.jpg	677
directory/xRFGmvgonfSJzHXzewFkSS-OntarioBookBindery.jpg	579
directory/hkjTeSf7mXRPAiDgMimg3U-GeoTBisel.jpg	649
directory/3UnUGmcBcK7NMQsuJotasX-FCBusch.jpg	659
directory/dKr3h9ERpNypFLtASkBhrg-RobtpCampbell.jpg	562
directory/k9gCkmyddYYNjxe4Zq3pNc-churchme.jpg	1615
directory/RifT8SBqeYvLkkdoXqhVHi-stimpsomch.jpg	1068
directory/rD4CRKi4ACM2gDUiaBxTaZ-mcnie.jpg	1701
directory/55UKz6fH2x3fWAA8aCxqZN-lairda.jpg	999
directory/CAKMGiB38U9aSVu659Qf8Q-stamp_bookbindery_herzog_c1910.jpg	1651
directory/fPuH5jq9dhqi9y79kFcLKo-edmunds_murray_1854.jpg	1659
directory/rHpn2GLygCAj2ntYEbFBvL-WilliamHelburn.jpg	707
directory/aoUrzRxdQgtrqidTAwG8KX-TiernanHaven.jpg	543
directory/Lb6sY7q9gT4eZaSkrLz9CA-BeckOrr.jpg	692
directory/VtNTEeuHwkNgbEGYKb2nN2-JuranlyHensel.jpg	2184
directory/39FowU2XGNodgY3TCHyvpT-hathaway.jpg	1774
directory/yYzrs2fbMLznreDF6T3fzd-leonaj.jpg	1112
directory/iWQnqxW5em3hVS7dA8xSLk-hnm.jpg	2019
directory/hxPF2QJSJ44zhLmdb2awER-sniderhoole.jpg	2225
directory/CdkATYwGrYHfVFsSBXhcC6-loringbjm.jpg	1048
directory/2AE5gkXQfmxM2viBShzig2-BoneSon3.jpg	687
directory/2AE5gkXQfmxM2viBShzig2-BoneSon5.jpg	687
directory/2AE5gkXQfmxM2viBShzig2-bone_the_binding_copy.jpg	687
directory/2AE5gkXQfmxM2viBShzig2-BoneSon4.jpg	687
directory/2AE5gkXQfmxM2viBShzig2-BoneSon2.jpg	687
directory/a6gQJ872LNAJLVZCVnaqQe-eagleartbindery.jpg	2924
directory/KWraC8rvX4qnUgxBnGSuM8-Wesby.jpg	530
directory/iECGK6s3cRQW5iSUJsjHCE-GeoShort.jpg	650
directory/GTh5oX35q9WcoWkSb9evEn-JHStecker.jpg	622
directory/MGzZZM8aEXTYYXJfR4rsvJ-FGKoster.jpg	657
directory/nkASuBgaPiGDAwEe36RVtY-h_ivison_aubur.jpg	1638
directory/Lc88JrFc3qLULfB8jbFeJk-simpson_renshaw.jpg	1650
directory/eRjSbsfP9viRvrBwCosR4d-CorbetChambeers.jpg	670
directory/YUdJgc3MH9LjdTnZgdQpEA-HallBros.jpg	642
directory/WLkQLD6Fn2vSJU3L92xxid-GeorgeM2cCann.jpg	652
directory/WLkQLD6Fn2vSJU3L92xxid-GeorgeMcCann.jpg	652
directory/S68RVJNquAsx4MEyWcaPg5-ArtBindery.jpg	694
directory/xPcJt65topcJ254Df8LbJ3-Charleselces.jpg	676
directory/J76zMGHy3FvFg5NrFWgNrJ-mckeanwm.jpg	2928
directory/N8wF2MHscurTq3E2yUMAGU-Slaters.jpg	553
directory/3o5rX4tNTuwnWZvgb7LQAW-grangej.jpg	1101
directory/k9S7aVpnMJvW5wxXA2ZQa7-Hurleybros.jpg	635
directory/TsySYKQpDtTw4esRzp2mPM-smith_london_copy.jpg	1632
directory/uHpT2DqgubNkS64gPJTGtW-BrownSon.jpg	682
directory/EJ7EUPyfHFZJ7yNkznP7yY-newyork2.jpg	997
directory/EJ7EUPyfHFZJ7yNkznP7yY-new_york1.jpg	997
directory/PDPJvqjfQLNhErQi48y8sW-JHBurdick.jpg	623
directory/h8PsF8Tack8A4v8JxG4jQ3-JarroldSons.jpg	628
directory/k9YERc2pBkCdxiYLGc3ggh-blum.jpg	1110
directory/c2S9FbfV9pU3diS6PLqPGL-engelmann-1.jpg	1739
directory/hKf9HFQWVC9UXr4TUYFWy7-CWissmann3.jpg	669
directory/hKf9HFQWVC9UXr4TUYFWy7-CWissman.jpg	669
directory/hKf9HFQWVC9UXr4TUYFWy7-CWissmann2.jpg	669
directory/hKf9HFQWVC9UXr4TUYFWy7-CWissmann.jpg	669
directory/v7gDR6kbW7Wf7GXCvnCVXn-LockmanHanley2.jpg	601
directory/v7gDR6kbW7Wf7GXCvnCVXn-LockmanHanley.jpg	601
directory/ZgBMBJt2kxaK4NEnUch3e8-kellySons.jpg	610
directory/7AWTWUiyeaTo5B7wjNrG7H-IsraelWells.jpg	632
directory/qiZT9juVjyCu9aKKjenULA-Pearcey.jpg	571
directory/XtpjL95Rn4jFvmHjcMNDcS-NationalLibraryBinding.jpg	585
directory/NCWFH3nHE3vt7krphNpE2j-WPStiles.jpg	711
directory/CNY6Zgxkhdcp39UxhBpnwL-PacificBookBindery.jpg	575
directory/CNY6Zgxkhdcp39UxhBpnwL-PacificPress2.jpg	575
directory/CNY6Zgxkhdcp39UxhBpnwL-PacificPress.jpg	575
directory/4wDuPZMHLbCUqzkHpfMxVg-foster.jpg	1752
directory/XceT38zzj3iPMkjpWBNomJ-GustavTrost.jpg	643
directory/EGRixPWdeh5eaJ7JrmwWk9-crawford_p_s_.jpg	725
directory/GwXNYPJp3wh9srG6eXCnWi-Conyber2.jpg	673
directory/GwXNYPJp3wh9srG6eXCnWi-CONYBER.jpg	673
directory/kfqUh3QN6JmzkavLr3MM63-elgin.jpg	976
directory/DmAc9726gSsKmcGdKEGWkK-coale_e_j.jpg	2099
directory/HoVLwXRKRu7mHd9qnyCZEF-MillsFrew.jpg	589
directory/Mkbded8xHEJXapAsyTHeAV-SBCarle.jpg	557
directory/j7zkeeDNYNQakSxJ7m3QsM-payne_adrian.jpg	1644
directory/iKvMLQiYhbQKnqTY8NFPvi-printer_aldus.jpg	1645
directory/aLTG5BrCKezCavVHrZy7gU-RobinsonBrosClark.jpg	563
directory/7d7dbda6gPKWYqcX3gsFab-RandelSon.jpg	568
directory/RQiowCn9g6PHPzyhQYVVQM-Pantagraph.jpg	574
directory/RQiowCn9g6PHPzyhQYVVQM-Pantagraph2.jpg	574
directory/7mM4QoKz3rk3ope2ZERcJX-dragonfly_circa2001.jpg	1663
directory/BTWZ2DgUCApcuZhUk4FDYF-AdvocateBindery.jpg	700
directory/89dv5iymtUiyoHTNc2ejQS-brownwm.jpg	1272
directory/RgsuoQyFw2cUdczkRX5x8E-robert_champ2.jpg	798
directory/PaVYnUxAXkdvoGYXfc6htD-loslibros.jpg	988
directory/ZSp93zM9hgLsGFqyxWiJAD-edwardsbookbin.jpg	986
directory/Zw3UZQ6VFSRnY2URwFnWQC-henryoshepl.jpg	1646
directory/Zw3UZQ6VFSRnY2URwFnWQC-prize_worldexpo.jpg	1646
directory/TTyCUL2VWgoHjob63UcDoZ-Waldrrf.jpg	534
directory/KtM5qKEbwcwVjfPmfzrKAY-henshaw.jpg	1009
directory/2nDxQKnsK5YaqgCNrXL2QN-WBurkeCo.jpg	531
directory/UxYrKb4JdZgw8jQFnPTVh7-wells_1830_binders_ticket.jpg	846
directory/vo4BXaPmZMgwhX88QjRG4i-fockec.png	2192
directory/VzzZtvnVCGRcnbyJF5GNgk-OckelmannFriedlaender.jpg	580
directory/xUjhj5UNzZHQibnC5arbfR-johne.jpg	2253
directory/EN3Ff8r2d8wwjszfDEQQfJ-GFPickering.jpg	647
directory/vww9aEGtkcUnmJ2KMGySgg-SalerHusch.jpg	558
directory/5Pc6shCLpjhe3VnhBa37mY-HicksJudd.jpg	640
directory/5Pc6shCLpjhe3VnhBa37mY-hicks_judd1898.jpg	640
directory/5Pc6shCLpjhe3VnhBa37mY-HicksJudd2.jpg	640
directory/5Pc6shCLpjhe3VnhBa37mY-hicks_judd33.jpg	640
directory/5Pc6shCLpjhe3VnhBa37mY-hicksj2.jpg	640
directory/iAJfQs3EGJGvYG67ynzk9A-commercial.jpg	1107
directory/9eruMXCxVcL8hdEcoqu37H-CaliforniaBookbinding.jpg	680
directory/zKGzaDFXHdkkbLwDeeeM2n-wobbers1923.jpg	2929
directory/byu2xPmM2C9njkKXzXz4uB-WhillasOrmiston.jpg	527
directory/PYAAxCT5LPTSRKvgGb9ukU-grbookbinding.jpg	1637
directory/PYAAxCT5LPTSRKvgGb9ukU-grrpdsbb2.jpg	1637
directory/n4cVceceTDtnrLcsKvWNnD-CarswellCo2.jpg	678
directory/n4cVceceTDtnrLcsKvWNnD-Casswell.jpg	678
directory/n4cVceceTDtnrLcsKvWNnD-CarswellCa.jpg	678
directory/n4cVceceTDtnrLcsKvWNnD-CarswellCo3.jpg	678
